Enabled,audi transmission repair,transmission repair,Eligible,0,$0.00,Approved,,0,0, --,0,$0.00,0.00%, --
Enabled,automatic transmission problem,automatic_transmission,Eligible,0,$0.00,Approved,,0,0, --,0,$0.00,0.00%, --
Enabled,used transmission del mar,used_transmission,Low search volume,0,$0.00,Approved,,0,0, --,0,$0.00,0.00%, --
Enabled,complete free transmission diagnostic,free_transmission_diagnostic,Low search volume,0,$0.00,Approved,,0,0, --,0,$0.00,0.00%, --
Enabled,transmission service all vehicles,transmission service,Low search volume,0,$0.00,Approved,,0,0, --,0,$0.00,0.00%, --
Enabled,auto transmission santee california,auto_transmission,Low search volume,0,$0.00,Approved,,0,0, --,0,$0.00,0.00%, --
Enabled,transmission repair cost,transmission repair,Eligible,0,$0.00,Approved,,0,0, --,0,$0.00,0.00%, --
Enabled,slipping transmission pendleton,Slipping Transmission,Low search volume,0,$0.00,Approved,,0,0, --,0,$0.00,0.00%, --
Enabled,quality rebuilt transmissions san diego,rebuilt_transmissions_san_diego,Low search volume,0,$0.00,Approved,,0,0, --,0,$0.00,0.00%, --
Enabled,transmission slipping carlsbad,Transmission Slipping,Low search volume,0,$0.00,Approved,,0,0, --,0,$0.00,0.00%, --
Enabled,automatic transmission problems and solutions,Transmission Problems,Eligible,0,$0.00,Approved,,0,0, --,0,$0.00,0.00%, --
Enabled,th400 transmission,Transmission Models,Eligible,0,$0.00,Approved,,0,0, --,0,$0.00,0.00%, --
Enabled,mercury sable transmission,Transmission Models,Eligible,0,$0.00,Approved,,0,0, --,0,$0.00,0.00%, --
Enabled,subaru manual transmission,manual_transmission,Eligible,0,$0.00,Approved,,0,0, --,0,$0.00,0.00%, --
Enabled,leaking transmission carlsbad,Leaking Transmission,Low search volume,0,$0.00,Approved,,0,0, --,0,$0.00,0.00%, --
Enabled,land rover transmission,Transmission Models,Eligible,0,$0.00,Approved,,0,0, --,0,$0.00,0.00%, --
Enabled,chevy tahoe transmission,Transmission Models,Eligible,0,$0.00,Approved,,0,0, --,0,$0.00,0.00%, --
Enabled,bentley continental transmission,Transmission Models,Eligible,0,$0.00,Approved,,0,0, --,0,$0.00,0.00%, --
Enabled,a transmission santee ca,a_transmission,Low search volume,0,$0.00,Approved,,0,0, --,0,$0.00,0.00%, --
Enabled,best remanufactured transmission,remanufactured_transmission,Eligible,0,$0.00,Approved,,0,0, --,0,$0.00,0.00%, --
Enabled,remanufactured transmission santee,remanufactured_transmission,Low search volume,0,$0.00,Approved,,0,0, --,0,$0.00,0.00%, --
Enabled,nissan rogue transmission,Transmission Models,Eligible,0,$0.00,Approved,,0,0, --,0,$0.00,0.00%, --
Enabled,auto transmission san diego,auto_transmission,Eligible,0,$0.00,Approved,,0,0, --,0,$0.00,0.00%, --
Enabled,rebuilt transmission estimate san diego,rebuilt_estimate,Low search volume,0,$0.00,Approved,,0,0, --,0,$0.00,0.00%, --
Enabled,5 speed transmission,manual_transmission,Eligible,0,$0.00,Approved,,0,0, --,0,$0.00,0.00%, --
Enabled,manual transmission vista,manual_transmission,Low search volume,0,$0.00,Approved,,0,0, --,0,$0.00,0.00%, --
Enabled,high performance transmission,performance_automatic_transmission,Eligible,0,$0.00,Approved,,0,0, --,0,$0.00,0.00%, --
Enabled,free transmission diagnostic,free_transmission_diagnostic,Eligible,0,$0.00,Approved,,0,0, --,0,$0.00,0.00%, --
Enabled,manual transmission symptoms,transmission symptoms,Eligible,0,$0.00,Approved,,0,0, --,0,$0.00,0.00%, --
Enabled,buy transmissions san diego,buy_transmissions,Low search volume,0,$0.00,Approved,,0,0, --,0,$0.00,0.00%, --
Enabled,auto transmission repair carlsbad,transmission repair,Eligible,0,$0.00,Approved,,0,0, --,0,$0.00,0.00%, --
Enabled,replace transmission cost carlsbad,replace_transmission_cost,Low search volume,0,$0.00,Approved,,0,0, --,0,$0.00,0.00%, --
Enabled,slipping transmission encinitas,Slipping Transmission,Low search volume,0,$0.00,Approved,,0,0, --,0,$0.00,0.00%, --
Enabled,slipping transmission vista,Slipping Transmission,Low search volume,0,$0.00,Approved,,0,0, --,0,$0.00,0.00%, --
Enabled,racing transmission san diego,performance_automatic_transmission,Eligible,0,$0.00,Approved,,0,0, --,0,$0.00,0.00%, --
Enabled,jaguar xj8 transmission,Transmission Models,Eligible,0,$0.00,Approved,,0,0, --,0,$0.00,0.00%, --
Enabled,honda manual transmission,manual_transmission,Eligible,0,$0.00,Approved,,0,0, --,0,$0.00,0.00%, --
Enabled,transmission slipping vista,Transmission Slipping,Low search volume,0,$0.00,Approved,,0,0, --,0,$0.00,0.00%, --
Enabled,dodge automatic transmission problems,Transmission Problems,Eligible,0,$0.00,Approved,,0,0, --,0,$0.00,0.00%, --
Enabled,truck transmission rebuild carlsbad,Truck Transmission,Low search volume,0,$0.00,Approved,,0,0, --,0,$0.00,0.00%, --
Enabled,subaru wrx transmission,Transmission Models,Eligible,0,$0.00,Approved,,0,0, --,0,$0.00,0.00%, --
Enabled,a transmission san diego,a_transmission,Low search volume,0,$0.00,Approved,,0,0, --,0,$0.00,0.00%, --
Enabled,domestic transmission repair,transmission repair,Eligible,0,$0.00,Approved,,0,0, --,0,$0.00,0.00%, --
Enabled,transmission cost estimating,estimating,Low search volume,0,$0.00,Approved,,0,0, --,0,$0.00,0.00%, --
Enabled,free transmission quote santee,free_transmission_quote,Low search volume,0,$0.00,Approved,,0,0, --,0,$0.00,0.00%, --
Enabled,online free transmission diagnostic,free_transmission_diagnostic,Low search volume,0,$0.00,Approved,,0,0, --,0,$0.00,0.00%, --
Enabled,transmission service san marcos,transmission service,Eligible,0,$0.00,Approved,,0,0, --,0,$0.00,0.00%, --
Enabled,transmission diagnostic san marcos,Transmission_Diagnostic CPA,Low search volume,0,$0.00,Approved,,0,0, --,0,$0.00,0.00%, --
Enabled,automatic transmission problems slipping,Transmission Problems,Eligible,0,$0.00,Approved,,0,0, --,0,$0.00,0.00%, --
Enabled,chevrolet suburban transmission,Transmission Models,Eligible,0,$0.00,Approved,,0,0, --,0,$0.00,0.00%, --
Enabled,used transmission san marcos,used_transmission,Eligible,0,$0.00,Approved,,0,0, --,0,$0.00,0.00%, --
Enabled,remanufactured transmission vista,remanufactured_transmission,Low search volume,0,$0.00,Approved,,0,0, --,0,$0.00,0.00%, --
Enabled,new transmission vista,new_transmission,Eligible,0,$0.00,Approved,,0,0, --,0,$0.00,0.00%, --
Enabled,new transmission san marcos,new_transmission,Low search volume,0,$0.00,Approved,,0,0, --,0,$0.00,0.00%, --
Enabled,a transmission santee california,a_transmission,Low search volume,0,$0.00,Approved,,0,0, --,0,$0.00,0.00%, --
Enabled,free transmission diagnostic san diego ca,free_transmission_diagnostic,Low search volume,0,$0.00,Approved,,0,0, --,0,$0.00,0.00%, --
Enabled,transmission service santee,transmission service,Low search volume,0,$0.00,Approved,,0,0, --,0,$0.00,0.00%, --
Enabled,transmission slipping,Transmission Slipping,Eligible,0,$0.00,Approved,,0,0, --,0,$0.00,0.00%, --
Enabled,new transmission san diego,new_transmission,Low search volume,0,$0.00,Approved,,0,0, --,0,$0.00,0.00%, --
Enabled,buy transmissions ca,buy_transmissions,Low search volume,0,$0.00,Approved,,0,0, --,0,$0.00,0.00%, --
Enabled,transmission problem estimating,estimating,Low search volume,0,$0.00,Approved,,0,0, --,0,$0.00,0.00%, --
Enabled,new transmission,new_transmission,Eligible,0,$0.00,Approved,,0,0, --,0,$0.00,0.00%, --
Enabled,saturn transmission,Transmission Models,Eligible,0,$0.00,Approved,,0,0, --,0,$0.00,0.00%, --
Enabled,leaking transmission driveway,Leaking Transmission,Low search volume,0,$0.00,Approved,,0,0, --,0,$0.00,0.00%, --
Enabled,transmission service diesel,transmission service,Eligible,0,$0.00,Approved,,0,0, --,0,$0.00,0.00%, --
Enabled,rebuilt trans time,rebuilt_trans,Low search volume,0,$0.00,Approved,,0,0, --,0,$0.00,0.00%, --
Enabled,car automatic transmission problems,Transmission Problems,Eligible,0,$0.00,Approved,,0,0, --,0,$0.00,0.00%, --
Enabled,ram transmission,Transmission Models,Eligible,0,$0.00,Approved,,0,0, --,0,$0.00,0.00%, --
Enabled,a transmission san marcos,a_transmission,Low search volume,0,$0.00,Approved,,0,0, --,0,$0.00,0.00%, --
Enabled,transmission repair fluid,transmission repair,Eligible,0,$0.00,Approved,,0,0, --,0,$0.00,0.00%, --
Enabled,transmission repair ca,transmission repair,Eligible,0,$0.00,Approved,,0,0, --,0,$0.00,0.00%, --
Enabled,leaking transmission encinitas,Leaking Transmission,Low search volume,0,$0.00,Approved,,0,0, --,0,$0.00,0.00%, --
Enabled,free transmission estimate santee,free_transmission_quote,Low search volume,0,$0.00,Approved,,0,0, --,0,$0.00,0.00%, --
Enabled,honda pilot transmission,Transmission Models,Eligible,0,$0.00,Approved,,0,0, --,0,$0.00,0.00%, --
Enabled,chvevrolet siverado transmission,Transmission Models,Low search volume,0,$0.00,Approved,,0,0, --,0,$0.00,0.00%, --
Enabled,auto transmission repairs,transmission repair,Eligible,0,$0.00,Approved,,0,0, --,0,$0.00,0.00%, --
Enabled,repair transmission,transmission repair,Eligible,0,$0.00,Approved,,0,0, --,0,$0.00,0.00%, --
Enabled,car transmission repairs,transmission repair,Eligible,0,$0.00,Approved,,0,0, --,0,$0.00,0.00%, --
Enabled,transmission trouble estimating,estimating,Low search volume,0,$0.00,Approved,,0,0, --,0,$0.00,0.00%, --
Enabled,transmission san diego,transmission #2,Eligible,0,$0.00,Approved,,0,0, --,0,$0.00,0.00%, --
Enabled,stick shift transmission symptoms,transmission symptoms,Low search volume,0,$0.00,Approved,,0,0, --,0,$0.00,0.00%, --
Enabled,ford taurus transmission,Transmission Models,Eligible,0,$0.00,Approved,,0,0, --,0,$0.00,0.00%, --
Enabled,dodge dakota transmission,Transmission Models,Eligible,0,$0.00,Approved,,0,0, --,0,$0.00,0.00%, --
Enabled,rebuilt transmission estimate santee,rebuilt_estimate,Low search volume,0,$0.00,Approved,,0,0, --,0,$0.00,0.00%, --
Enabled,leaking transmission pendleton,Leaking Transmission,Low search volume,0,$0.00,Approved,,0,0, --,0,$0.00,0.00%, --
Enabled,best rebuilt transmission,rebuilt_transmission,Eligible,0,$0.00,Approved,,0,0, --,0,$0.00,0.00%, --
Enabled,volkswagen passat transmission,Transmission Models,Eligible,0,$0.00,Approved,,0,0, --,0,$0.00,0.00%, --
Enabled,manual transmission repairs,transmission repair,Eligible,0,$0.00,Approved,,0,0, --,0,$0.00,0.00%, --
Enabled,transmission repair san marcos,transmission repair,Eligible,0,$0.00,Approved,,0,0, --,0,$0.00,0.00%, --
Enabled,automatic transmission cooler encinitas,automatic_transmission_cooler,Low search volume,0,$0.00,Approved,,0,0, --,0,$0.00,0.00%, --
Enabled,transmission diagnostic vista,Transmission_Diagnostic CPA,Eligible,0,$0.00,Approved,,0,0, --,0,$0.00,0.00%, --
Enabled,transmission repair carlsbad,transmission repair,Eligible,0,$0.00,Approved,,0,0, --,0,$0.00,0.00%, --
Enabled,manual transmission santee ca,manual_transmission,Low search volume,0,$0.00,Approved,,0,0, --,0,$0.00,0.00%, --
Enabled,a car transmission santee california,a car transmission,Low search volume,0,$0.00,Approved,,0,0, --,0,$0.00,0.00%, --
Enabled,chevrolet cavalier transmission,Transmission Models,Eligible,0,$0.00,Approved,,0,0, --,0,$0.00,0.00%, --
Enabled,racing transmission,performance_automatic_transmission,Eligible,0,$0.00,Approved,,0,0, --,0,$0.00,0.00%, --
Enabled,santee trans repair,santee_trans,Low search volume,0,$0.00,Approved,,0,0, --,0,$0.00,0.00%, --
Enabled,transmission,transmission #2,Eligible,0,$0.00,Approved,,0,0, --,0,$0.00,0.00%, --
Enabled,dodge transmission,Transmission Models,Eligible,0,$0.00,Approved,,0,0, --,0,$0.00,0.00%, --
Enabled,honda fit transmission,Transmission Models,Eligible,0,$0.00,Approved,,0,0, --,0,$0.00,0.00%, --
Enabled,automatic transmission santee california,automatic_transmission,Low search volume,0,$0.00,Approved,,0,0, --,0,$0.00,0.00%, --
Enabled,allison transmission,Transmission Models,Eligible,0,$0.00,Approved,,0,0, --,0,$0.00,0.00%, --
Enabled,infiniti m45 transmission,Transmission Models,Eligible,0,$0.00,Approved,,0,0, --,0,$0.00,0.00%, --
Enabled,honda odyssy transmission,Transmission Models,Low search volume,0,$0.00,Approved,,0,0, --,0,$0.00,0.00%, --
Enabled,transmission repair costs,transmission repair,Eligible,0,$0.00,Approved,,0,0, --,0,$0.00,0.00%, --
Enabled,manual gear transmission,manual_transmission,Eligible,0,$0.00,Approved,,0,0, --,0,$0.00,0.00%, --
Enabled,vw golf transmission,Transmission Models,Eligible,0,$0.00,Approved,,0,0, --,0,$0.00,0.00%, --
Enabled,mazda 6 transmission,Transmission Models,Eligible,0,$0.00,Approved,,0,0, --,0,$0.00,0.00%, --
Enabled,need a transmission,a_transmission,Eligible,0,$0.00,Approved,,0,0, --,0,$0.00,0.00%, --
Enabled,advanced transmission repair,transmission repair,Eligible,0,$0.00,Approved,,0,0, --,0,$0.00,0.00%, --
Enabled,rebuilt manual transmission,rebuilt_transmission,Eligible,0,$0.00,Approved,,0,0, --,0,$0.00,0.00%, --
Enabled,toyota fj transmission,Transmission Models,Eligible,0,$0.00,Approved,,0,0, --,0,$0.00,0.00%, --
Enabled,estimating,estimating,Eligible,0,$0.00,Approved,,0,0, --,0,$0.00,0.00%, --
Enabled,leaking automatic transmission,Leaking Transmission,Eligible,0,$0.00,Approved,,0,0, --,0,$0.00,0.00%, --
Enabled,jeep wrangler transmission,Transmission Models,Eligible,0,$0.00,Approved,,0,0, --,0,$0.00,0.00%, --
Enabled,cvt transmission,Transmission Models,Eligible,0,$0.00,Approved,,0,0, --,0,$0.00,0.00%, --
Enabled,nissan maxima transmission,Transmission Models,Eligible,0,$0.00,Approved,,0,0, --,0,$0.00,0.00%, --
Enabled,dodge journey transmission,Transmission Models,Eligible,0,$0.00,Approved,,0,0, --,0,$0.00,0.00%, --
Enabled,buy transmissions Santee,buy_transmissions,Low search volume,0,$0.00,Approved,,0,0, --,0,$0.00,0.00%, --
Enabled,transmission slipping san diego,Transmission Slipping,Low search volume,0,$0.00,Approved,,0,0, --,0,$0.00,0.00%, --
Enabled,free rebuilt trans,rebuilt_trans,Low search volume,0,$0.00,Approved,,0,0, --,0,$0.00,0.00%, --
Enabled,700r4,Transmission Models,Eligible,0,$0.00,Approved,,0,0, --,0,$0.00,0.00%, --
Enabled,4l80e transmission,Transmission Models,Eligible,0,$0.00,Approved,,0,0, --,0,$0.00,0.00%, --
Enabled,ford focus transmission,Transmission Models,Eligible,0,$0.00,Approved,,0,0, --,0,$0.00,0.00%, --
Enabled,price of rebuilt transmissions san diego,rebuilt_transmissions_san_diego,Low search volume,0,$0.00,Approved,,0,0, --,0,$0.00,0.00%, --
Enabled,online free transmission estimate,free_transmission_estimate,Low search volume,0,$0.00,Approved,,0,0, --,0,$0.00,0.00%, --
Enabled,mercedes cla250 transmission,Transmission Models,Low search volume,0,$0.00,Approved,,0,0, --,0,$0.00,0.00%, --
Enabled,manual car transmission,manual_transmission,Eligible,0,$0.00,Approved,,0,0, --,0,$0.00,0.00%, --
Enabled,automatic transmission cooler solana beach,automatic_transmission_cooler,Low search volume,0,$0.00,Approved,,0,0, --,0,$0.00,0.00%, --
Enabled,jeep cherokee transmission,Transmission Models,Eligible,0,$0.00,Approved,,0,0, --,0,$0.00,0.00%, --
Enabled,ram 2500 transmission,Transmission Models,Eligible,0,$0.00,Approved,,0,0, --,0,$0.00,0.00%, --
Enabled,auto transmission Santee,auto_transmission,Eligible,0,$0.00,Approved,,0,0, --,0,$0.00,0.00%, --
Enabled,find a transmission carlsbad,a_transmission,Low search volume,0,$0.00,Approved,,0,0, --,0,$0.00,0.00%, --
Enabled,santee trans appointment,santee_trans,Low search volume,0,$0.00,Approved,,0,0, --,0,$0.00,0.00%, --
Enabled,transmissions Santee,transmission,Low search volume,0,$0.00,Approved,,0,0, --,0,$0.00,0.00%, --
Enabled,honda civic transmission,Transmission Models,Eligible,0,$0.00,Approved,,0,0, --,0,$0.00,0.00%, --
Enabled,mini cooper transmission,Transmission Models,Eligible,0,$0.00,Approved,,0,0, --,0,$0.00,0.00%, --
Enabled,toyota tundra transmission,Transmission Models,Eligible,0,$0.00,Approved,,0,0, --,0,$0.00,0.00%, --
Enabled,mercedes cl transmission,Transmission Models,Eligible,0,$0.00,Approved,,0,0, --,0,$0.00,0.00%, --
Enabled,vehicle transmission repair,transmission repair,Eligible,0,$0.00,Approved,,0,0, --,0,$0.00,0.00%, --
Enabled,replace transmission cost san marcos,replace_transmission_cost,Low search volume,0,$0.00,Approved,,0,0, --,0,$0.00,0.00%, --
Enabled,leaking transmission san diego,Leaking Transmission,Low search volume,0,$0.00,Approved,,0,0, --,0,$0.00,0.00%, --
Enabled,transmission repair prices,transmission repair,Eligible,0,$0.00,Approved,,0,0, --,0,$0.00,0.00%, --
Enabled,Manual Transmission,manual_transmission,Eligible,0,$0.00,Approved,,0,0, --,0,$0.00,0.00%, --
Enabled,automatic transmission santee,automatic_transmission,Low search volume,0,$0.00,Approved,,0,0, --,0,$0.00,0.00%, --
Enabled,buy rebuilt transmission,rebuilt_transmission,Eligible,0,$0.00,Approved,,0,0, --,0,$0.00,0.00%, --
Enabled,transmission diagnostic santee,diagnostic,Low search volume,0,$0.00,Approved,,0,0, --,0,$0.00,0.00%, --
Enabled,ford freestyle transmission,Transmission Models,Eligible,0,$0.00,Approved,,0,0, --,0,$0.00,0.00%, --
Enabled,ford fiesta transmission,Transmission Models,Eligible,0,$0.00,Approved,,0,0, --,0,$0.00,0.00%, --
Enabled,mazda manual transmission,manual_transmission,Eligible,0,$0.00,Approved,,0,0, --,0,$0.00,0.00%, --
Enabled,transmission service san diego,transmission service,Eligible,0,$0.00,Approved,,0,0, --,0,$0.00,0.00%, --
Enabled,san diego transmissions,transmission,Eligible,0,$0.00,Approved,,0,0, --,0,$0.00,0.00%, --
Enabled,honda civic hybrid transmission,Transmission Models,Eligible,0,$0.00,Approved,,0,0, --,0,$0.00,0.00%, --
Enabled,mercedes transmission repair cost,transmission repair,Eligible,0,$0.00,Approved,,0,0, --,0,$0.00,0.00%, --
Enabled,free transmission quote san diego,free_transmission_quote,Low search volume,0,$0.00,Approved,,0,0, --,0,$0.00,0.00%, --
Enabled,transmission service front wheel drive,transmission service,Low search volume,0,$0.00,Approved,,0,0, --,0,$0.00,0.00%, --
Enabled,auto shift transmission symptoms,transmission symptoms,Low search volume,0,$0.00,Approved,,0,0, --,0,$0.00,0.00%, --
Enabled,bmw 320i transmission,Transmission Models,Eligible,0,$0.00,Approved,,0,0, --,0,$0.00,0.00%, --
Enabled,manual transmission repair costs,transmission repair,Low search volume,0,$0.00,Approved,,0,0, --,0,$0.00,0.00%, --
Enabled,rebuilt transmissions san diego,rebuilt_transmissions_san_diego,Eligible,0,$0.00,Approved,,0,0, --,0,$0.00,0.00%, --
Enabled,free transmission estimate encinitas,free_transmission_quote,Low search volume,0,$0.00,Approved,,0,0, --,0,$0.00,0.00%, --
Enabled,transmission service awd,transmission service,Low search volume,0,$0.00,Approved,,0,0, --,0,$0.00,0.00%, --
Enabled,acura cl transmission,Transmission Models,Eligible,0,$0.00,Approved,,0,0, --,0,$0.00,0.00%, --
Enabled,free transmission estimate,free_transmission_quote,Eligible,0,$0.00,Approved,,0,0, --,0,$0.00,0.00%, --
Enabled,new transmission quote,new_transmission,Low search volume,0,$0.00,Approved,,0,0, --,0,$0.00,0.00%, --
Enabled,volvo v70 transmission,Transmission Models,Eligible,0,$0.00,Approved,,0,0, --,0,$0.00,0.00%, --
Enabled,toyota mr2 spyder transmission,Transmission Models,Eligible,0,$0.00,Approved,,0,0, --,0,$0.00,0.00%, --
Enabled,slipping transmission,Slipping Transmission,Eligible,0,$0.00,Approved,,0,0, --,0,$0.00,0.00%, --
Enabled,free transmission quote santee ca,free_transmission_quote,Low search volume,0,$0.00,Approved,,0,0, --,0,$0.00,0.00%, --
Enabled,free transmission diagnostic san diego,free_transmission_diagnostic,Low search volume,0,$0.00,Approved,,0,0, --,0,$0.00,0.00%, --
Enabled,cheap rebuilt transmission,rebuilt_transmission,Eligible,0,$0.00,Approved,,0,0, --,0,$0.00,0.00%, --
Enabled,chrysler transmission,Transmission Models,Eligible,0,$0.00,Approved,,0,0, --,0,$0.00,0.00%, --
Enabled,jeep renegade transmission,Transmission Models,Eligible,0,$0.00,Approved,,0,0, --,0,$0.00,0.00%, --
Enabled,mercedes v-class transmission,Transmission Models,Eligible,0,$0.00,Approved,,0,0, --,0,$0.00,0.00%, --
Enabled,racing transmission santee,performance_automatic_transmission,Low search volume,0,$0.00,Approved,,0,0, --,0,$0.00,0.00%, --
Enabled,santee trans california,santee_trans,Low search volume,0,$0.00,Approved,,0,0, --,0,$0.00,0.00%, --
Enabled,transmission repair estimate,transmission repair,Eligible,0,$0.00,Approved,,0,0, --,0,$0.00,0.00%, --
Enabled,slipping transmission repair,transmission repair,Eligible,0,$0.00,Approved,,0,0, --,0,$0.00,0.00%, --
Enabled,truck transmission repair north county,transmission repair,Low search volume,0,$0.00,Approved,,0,0, --,0,$0.00,0.00%, --
Enabled,transmission symptoms santee,transmission symptoms,Low search volume,0,$0.00,Approved,,0,0, --,0,$0.00,0.00%, --
Enabled,transmission service 4 wheel drive,transmission service,Low search volume,0,$0.00,Approved,,0,0, --,0,$0.00,0.00%, --
Enabled,transmissions vista,transmission,Low search volume,0,$0.00,Approved,,0,0, --,0,$0.00,0.00%, --
Enabled,truck transmission rebuild san marcos,Truck Transmission,Low search volume,0,$0.00,Approved,,0,0, --,0,$0.00,0.00%, --
Enabled,transmission diagnostic san diego ca,diagnostic,Low search volume,0,$0.00,Approved,,0,0, --,0,$0.00,0.00%, --
Enabled,chrysler 200 transmission,Transmission Models,Eligible,0,$0.00,Approved,,0,0, --,0,$0.00,0.00%, --
Enabled,commercial vehicle transmission repairs,transmission repair,Low search volume,0,$0.00,Approved,,0,0, --,0,$0.00,0.00%, --
Enabled,leaking transmission san marcos,Leaking Transmission,Low search volume,0,$0.00,Approved,,0,0, --,0,$0.00,0.00%, --
Enabled,automatic transmission cooler santee,automatic_transmission_cooler,Low search volume,0,$0.00,Approved,,0,0, --,0,$0.00,0.00%, --
Enabled,remanufactured transmission,remanufactured_transmission,Eligible,0,$0.00,Approved,,0,0, --,0,$0.00,0.00%, --
Enabled,reliable remanufactured transmission,remanufactured_transmission,Low search volume,0,$0.00,Approved,,0,0, --,0,$0.00,0.00%, --
Enabled,chrysler pt cruiser transmission,Transmission Models,Eligible,0,$0.00,Approved,,0,0, --,0,$0.00,0.00%, --
Enabled,transmissions repairs,transmission repair,Eligible,0,$0.00,Approved,,0,0, --,0,$0.00,0.00%, --
Enabled,chevy trailblazer transmission,Transmission Models,Eligible,0,$0.00,Approved,,0,0, --,0,$0.00,0.00%, --
Enabled,buy transmissions,buy_transmissions,Eligible,0,$0.00,Approved,,0,0, --,0,$0.00,0.00%, --
Enabled,mercedes s550 transmission,Transmission Models,Eligible,0,$0.00,Approved,,0,0, --,0,$0.00,0.00%, --
Enabled,leaking manual transmission,Leaking Transmission,Eligible,0,$0.00,Approved,,0,0, --,0,$0.00,0.00%, --
Enabled,best rebuilt transmissions san diego,rebuilt_transmissions_san_diego,Low search volume,0,$0.00,Approved,,0,0, --,0,$0.00,0.00%, --
Enabled,truck transmission rebuild encinitas,Truck Transmission,Low search volume,0,$0.00,Approved,,0,0, --,0,$0.00,0.00%, --
Enabled,subaru legacy transmission,Transmission Models,Eligible,0,$0.00,Approved,,0,0, --,0,$0.00,0.00%, --
Enabled,chevy avalanche transmission,Transmission Models,Eligible,0,$0.00,Approved,,0,0, --,0,$0.00,0.00%, --
Enabled,lincoln mkc transmission,Transmission Models,Eligible,0,$0.00,Approved,,0,0, --,0,$0.00,0.00%, --
Enabled,truck transmissions repair,transmission repair,Low search volume,0,$0.00,Approved,,0,0, --,0,$0.00,0.00%, --
Enabled,slipping transmission carlsbad,Slipping Transmission,Low search volume,0,$0.00,Approved,,0,0, --,0,$0.00,0.00%, --
Enabled,replace transmission cost santee,replace_transmission_cost,Low search volume,0,$0.00,Approved,,0,0, --,0,$0.00,0.00%, --
Enabled,ford f150 transmission,Transmission Models,Eligible,0,$0.00,Approved,,0,0, --,0,$0.00,0.00%, --
Enabled,ford explorer transmission,Transmission Models,Eligible,0,$0.00,Approved,,0,0, --,0,$0.00,0.00%, --
Enabled,cost of rebuilt transmissions san diego,rebuilt_transmissions_san_diego,Low search volume,0,$0.00,Approved,,0,0, --,0,$0.00,0.00%, --
Enabled,toyota yaris transmission,Transmission Models,Eligible,0,$0.00,Approved,,0,0, --,0,$0.00,0.00%, --
Enabled,automatic transmission troubleshooting,automatic_transmission,Eligible,0,$0.00,Approved,,0,0, --,0,$0.00,0.00%, --
Enabled,santee trans rebuild,santee_trans,Low search volume,0,$0.00,Approved,,0,0, --,0,$0.00,0.00%, --
Enabled,transmission diagnostic san diego,Transmission_Diagnostic CPA,Low search volume,0,$0.00,Approved,,0,0, --,0,$0.00,0.00%, --
Enabled,new transmission santee,new_transmission,Low search volume,0,$0.00,Approved,,0,0, --,0,$0.00,0.00%, --
Enabled,toyota corolla transmission,Transmission Models,Eligible,0,$0.00,Approved,,0,0, --,0,$0.00,0.00%, --
Enabled,transmission repair Santee,transmission repair,Eligible,0,$0.00,Approved,,0,0, --,0,$0.00,0.00%, --
Enabled,transmission estimating,estimating,Low search volume,0,$0.00,Approved,,0,0, --,0,$0.00,0.00%, --
Enabled,free transmission quote,free_transmission_quote,Low search volume,0,$0.00,Approved,,0,0, --,0,$0.00,0.00%, --
Enabled,transmissions vista,transmission #2,Low search volume,0,$0.00,Approved,,0,0, --,0,$0.00,0.00%, --
Enabled,remanufactured transmission carlsbad,remanufactured_transmission,Low search volume,0,$0.00,Approved,,0,0, --,0,$0.00,0.00%, --
Enabled,jeep compass transmission,Transmission Models,Eligible,0,$0.00,Approved,,0,0, --,0,$0.00,0.00%, --
Enabled,manual transmission problems,manual_transmission,Eligible,0,$0.00,Approved,,0,0, --,0,$0.00,0.00%, --
Enabled,Santee transmission rebuild,santee_transmission,Low search volume,0,$0.00,Approved,,0,0, --,0,$0.00,0.00%, --
Enabled,automatic transmission san diego,automatic_transmission,Eligible,0,$0.00,Approved,,0,0, --,0,$0.00,0.00%, --
Enabled,transmission symptoms,transmission symptoms,Eligible,0,$0.00,Approved,,0,0, --,0,$0.00,0.00%, --
Enabled,reliable rebuilt transmission,rebuilt_transmission,Eligible,0,$0.00,Approved,,0,0, --,0,$0.00,0.00%, --
Enabled,transmission diagnostic santee ca,diagnostic,Low search volume,0,$0.00,Approved,,0,0, --,0,$0.00,0.00%, --
Enabled,new transmission pendleton,new_transmission,Low search volume,0,$0.00,Approved,,0,0, --,0,$0.00,0.00%, --
Enabled,zf transmission,Transmission Models,Eligible,0,$0.00,Approved,,0,0, --,0,$0.00,0.00%, --
Enabled,audi a4 transmission,Transmission Models,Eligible,0,$0.00,Approved,,0,0, --,0,$0.00,0.00%, --
Enabled,borg warner transmission repair,transmission repair,Eligible,0,$0.00,Approved,,0,0, --,0,$0.00,0.00%, --
Enabled,santee trans reman,santee_trans,Low search volume,0,$0.00,Approved,,0,0, --,0,$0.00,0.00%, --
Enabled,transmission north county,transmission,Eligible,0,$0.00,Approved,,0,0, --,0,$0.00,0.00%, --
Enabled,kia spectra transmission,Transmission Models,Eligible,0,$0.00,Approved,,0,0, --,0,$0.00,0.00%, --
Enabled,4l60e transmission for sale,Transmission Models,Eligible,0,$0.00,Approved,,0,0, --,0,$0.00,0.00%, --
Enabled,lexus x330 transmission,Transmission Models,Low search volume,0,$0.00,Approved,,0,0, --,0,$0.00,0.00%, --
Enabled,remanufactured transmission time,remanufactured_transmission,Low search volume,0,$0.00,Approved,,0,0, --,0,$0.00,0.00%, --
Enabled,used transmission solana beach,used_transmission,Low search volume,0,$0.00,Approved,,0,0, --,0,$0.00,0.00%, --
Enabled,free transmission estimate carlsbad,free_transmission_quote,Low search volume,0,$0.00,Approved,,0,0, --,0,$0.00,0.00%, --
Enabled,expert free transmission estimate,free_transmission_estimate,Low search volume,0,$0.00,Approved,,0,0, --,0,$0.00,0.00%, --
Enabled,remanufactured transmission cost,remanufactured_transmission,Eligible,0,$0.00,Approved,,0,0, --,0,$0.00,0.00%, --
Enabled,transmissions encinitas,transmission,Low search volume,0,$0.00,Approved,,0,0, --,0,$0.00,0.00%, --
Enabled,gmc yukon transmission,Transmission Models,Eligible,0,$0.00,Approved,,0,0, --,0,$0.00,0.00%, --
Enabled,find a transmission san diego,a_transmission,Low search volume,0,$0.00,Approved,,0,0, --,0,$0.00,0.00%, --
Enabled,best transmission repair,transmission repair,Eligible,0,$0.00,Approved,,0,0, --,0,$0.00,0.00%, --
Enabled,replace transmission cost solana beach,replace_transmission_cost,Low search volume,0,$0.00,Approved,,0,0, --,0,$0.00,0.00%, --
Enabled,leaking truck transmission,Leaking Transmission,Eligible,0,$0.00,Approved,,0,0, --,0,$0.00,0.00%, --
Enabled,used transmission encinitas,used_transmission,Low search volume,0,$0.00,Approved,,0,0, --,0,$0.00,0.00%, --
Enabled,chevrolet colorado transmission,Transmission Models,Eligible,0,$0.00,Approved,,0,0, --,0,$0.00,0.00%, --
Enabled,automatic transmission repair cost,transmission repair,Eligible,0,$0.00,Approved,,0,0, --,0,$0.00,0.00%, --
Enabled,Santee transmission appointment,santee_transmission,Low search volume,0,$0.00,Approved,,0,0, --,0,$0.00,0.00%, --
Enabled,free transmission estimate san marcos,free_transmission_quote,Low search volume,0,$0.00,Approved,,0,0, --,0,$0.00,0.00%, --
Enabled,rebuilt trans santee,rebuilt_trans,Low search volume,0,$0.00,Approved,,0,0, --,0,$0.00,0.00%, --
Enabled,remanufactured transmission san marcos,remanufactured_transmission,Low search volume,0,$0.00,Approved,,0,0, --,0,$0.00,0.00%, --
Enabled,transmission repair shop,transmission repair,Eligible,0,$0.00,Approved,,0,0, --,0,$0.00,0.00%, --
Enabled,completely free transmission estimate,free_transmission_estimate,Low search volume,0,$0.00,Approved,,0,0, --,0,$0.00,0.00%, --
Enabled,dodge intrepid transmission,Transmission Models,Eligible,0,$0.00,Approved,,0,0, --,0,$0.00,0.00%, --
Enabled,manual overdrive transmission,manual_transmission,Eligible,0,$0.00,Approved,,0,0, --,0,$0.00,0.00%, --
Enabled,toyota camry manual transmission,manual_transmission,Eligible,0,$0.00,Approved,,0,0, --,0,$0.00,0.00%, --
Enabled,complete free transmission estimate,free_transmission_estimate,Low search volume,0,$0.00,Approved,,0,0, --,0,$0.00,0.00%, --
Enabled,automatic transmission cooler,automatic_transmission_cooler,Eligible,0,$0.00,Approved,,0,0, --,0,$0.00,0.00%, --
Enabled,auto transmission ca,auto_transmission,Eligible,0,$0.00,Approved,,0,0, --,0,$0.00,0.00%, --
Enabled,slipping transmission santee,Slipping Transmission,Low search volume,0,$0.00,Approved,,0,0, --,0,$0.00,0.00%, --
Enabled,replace transmission cost san diego,replace_transmission_cost,Low search volume,0,$0.00,Approved,,0,0, --,0,$0.00,0.00%, --
Enabled,replace transmission cost vista,replace_transmission_cost,Low search volume,0,$0.00,Approved,,0,0, --,0,$0.00,0.00%, --
Enabled,transmission slipping encinitas,Transmission Slipping,Low search volume,0,$0.00,Approved,,0,0, --,0,$0.00,0.00%, --
Enabled,transmission diagnostic carlsbad,Transmission_Diagnostic CPA,Low search volume,0,$0.00,Approved,,0,0, --,0,$0.00,0.00%, --
Enabled,transmission problems santee california,Transmission Problems,Low search volume,0,$0.00,Approved,,0,0, --,0,$0.00,0.00%, --
Enabled,acura legend transmission,Transmission Models,Eligible,0,$0.00,Approved,,0,0, --,0,$0.00,0.00%, --
Enabled,honda prelude transmission,Transmission Models,Eligible,0,$0.00,Approved,,0,0, --,0,$0.00,0.00%, --
Enabled,manual transmission repair near me,transmission repair,Eligible,0,$0.00,Approved,,0,0, --,0,$0.00,0.00%, --
Enabled,transmissions carlsbad,transmission #2,Low search volume,0,$0.00,Approved,,0,0, --,0,$0.00,0.00%, --
Enabled,Santee transmission,transmission,Eligible,0,$0.00,Approved,,0,0, --,0,$0.00,0.00%, --
Enabled,rebuilt transmission estimate,rebuilt_estimate,Eligible,0,$0.00,Approved,,0,0, --,0,$0.00,0.00%, --
Enabled,free transmission diagnostic santee,free_transmission_diagnostic,Low search volume,0,$0.00,Approved,,0,0, --,0,$0.00,0.00%, --
Enabled,transmission service electric,transmission service,Low search volume,0,$0.00,Approved,,0,0, --,0,$0.00,0.00%, --
Enabled,transmission problems,Transmission Problems,Eligible,0,$0.00,Approved,,0,0, --,0,$0.00,0.00%, --
Enabled,cheap transmission repair,transmission repair,Eligible,0,$0.00,Approved,,0,0, --,0,$0.00,0.00%, --
Enabled,santee transmission reman,santee_transmission,Low search volume,0,$0.00,Approved,,0,0, --,0,$0.00,0.00%, --
Enabled,infiniti qx60 transmission,Transmission Models,Eligible,0,$0.00,Approved,,0,0, --,0,$0.00,0.00%, --
Enabled,allison transmission repair,transmission repair,Eligible,0,$0.00,Approved,,0,0, --,0,$0.00,0.00%, --
Enabled,automatic transmission repair costs,transmission repair,Low search volume,0,$0.00,Approved,,0,0, --,0,$0.00,0.00%, --
Enabled,transmissions san marcos,transmission #2,Eligible,0,$0.00,Approved,,0,0, --,0,$0.00,0.00%, --
Enabled,pontiac g6 transmission,Transmission Models,Eligible,0,$0.00,Approved,,0,0, --,0,$0.00,0.00%, --
Enabled,cadillac escalade transmission,Transmission Models,Eligible,0,$0.00,Approved,,0,0, --,0,$0.00,0.00%, --
Enabled,cost of transmission repair,transmission repair,Eligible,0,$0.00,Approved,,0,0, --,0,$0.00,0.00%, --
Enabled,used transmissions,used_transmission,Eligible,0,$0.00,Approved,,0,0, --,0,$0.00,0.00%, --
Enabled,truck transmission rebuild san diego,Truck Transmission,Low search volume,0,$0.00,Approved,,0,0, --,0,$0.00,0.00%, --
Enabled,new transmission quote santee,new_transmission,Low search volume,0,$0.00,Approved,,0,0, --,0,$0.00,0.00%, --
Enabled,4l60e transmission,Transmission Models,Eligible,0,$0.00,Approved,,0,0, --,0,$0.00,0.00%, --
Enabled,chrysler town and country transmission,Transmission Models,Eligible,0,$0.00,Approved,,0,0, --,0,$0.00,0.00%, --
Enabled,mercedes 220se transmission,Transmission Models,Low search volume,0,$0.00,Approved,,0,0, --,0,$0.00,0.00%, --
Enabled,automotive transmission repairs,transmission repair,Eligible,0,$0.00,Approved,,0,0, --,0,$0.00,0.00%, --
Enabled,Santee transmission service,santee_transmission,Low search volume,0,$0.00,Approved,,0,0, --,0,$0.00,0.00%, --
Enabled,fast rebuilt transmissions san diego,rebuilt_transmissions_san_diego,Low search volume,0,$0.00,Approved,,0,0, --,0,$0.00,0.00%, --
Enabled,complete free transmission quote,free_transmission_quote,Low search volume,0,$0.00,Approved,,0,0, --,0,$0.00,0.00%, --
Enabled,c6 transmission,Transmission Models,Eligible,0,$0.00,Approved,,0,0, --,0,$0.00,0.00%, --
Enabled,dodge caliber transmission,Transmission Models,Eligible,0,$0.00,Approved,,0,0, --,0,$0.00,0.00%, --
Enabled,hyundai tuscon transmission,Transmission Models,Eligible,0,$0.00,Approved,,0,0, --,0,$0.00,0.00%, --
Enabled,manual transmission santee,manual_transmission,Low search volume,0,$0.00,Approved,,0,0, --,0,$0.00,0.00%, --
Enabled,slipping transmission san marcos,Slipping Transmission,Low search volume,0,$0.00,Approved,,0,0, --,0,$0.00,0.00%, --
Enabled,need a car transmission,a car transmission,Low search volume,0,$0.00,Approved,,0,0, --,0,$0.00,0.00%, --
Enabled,automatic transmission problems shifting gears,Transmission Problems,Eligible,0,$0.00,Approved,,0,0, --,0,$0.00,0.00%, --
Enabled,cadillac ats transmission,Transmission Models,Eligible,0,$0.00,Approved,,0,0, --,0,$0.00,0.00%, --
Enabled,find a transmission san marcos,a_transmission,Low search volume,0,$0.00,Approved,,0,0, --,0,$0.00,0.00%, --
Enabled,truck transmission repair carlsbad,transmission repair,Eligible,0,$0.00,Approved,,0,0, --,0,$0.00,0.00%, --
Enabled,leaking transmission vista,Leaking Transmission,Low search volume,0,$0.00,Approved,,0,0, --,0,$0.00,0.00%, --
Enabled,honda automatic transmission problems,Transmission Problems,Eligible,0,$0.00,Approved,,0,0, --,0,$0.00,0.00%, --
Enabled,toyota rav4 transmission,Transmission Models,Eligible,0,$0.00,Approved,,0,0, --,0,$0.00,0.00%, --
Enabled,transmission service rear weel drive,transmission service,Low search volume,0,$0.00,Approved,,0,0, --,0,$0.00,0.00%, --
Enabled,new transmission quote san diego ca,new_transmission,Low search volume,0,$0.00,Approved,,0,0, --,0,$0.00,0.00%, --
Enabled,cadillac deville transmission,Transmission Models,Eligible,0,$0.00,Approved,,0,0, --,0,$0.00,0.00%, --
Enabled,jeep liberty transmission,Transmission Models,Eligible,0,$0.00,Approved,,0,0, --,0,$0.00,0.00%, --
Enabled,bmw 335i transmission,Transmission Models,Eligible,0,$0.00,Approved,,0,0, --,0,$0.00,0.00%, --
Enabled,citroen xm transmission,Transmission Models,Low search volume,0,$0.00,Approved,,0,0, --,0,$0.00,0.00%, --
Enabled,acura manual transmission,manual_transmission,Eligible,0,$0.00,Approved,,0,0, --,0,$0.00,0.00%, --
Enabled,manual transmission carlsbad,manual_transmission,Eligible,0,$0.00,Approved,,0,0, --,0,$0.00,0.00%, --
Enabled,transmission service police vehicles,transmission service,Low search volume,0,$0.00,Approved,,0,0, --,0,$0.00,0.00%, --
Enabled,free transmission estimate santee,free_transmission_estimate,Low search volume,0,$0.00,Approved,,0,0, --,0,$0.00,0.00%, --
Enabled,remanufactured transmission warranty,remanufactured_transmission,Eligible,0,$0.00,Approved,,0,0, --,0,$0.00,0.00%, --
Enabled,ford ranger transmission,Transmission Models,Eligible,0,$0.00,Approved,,0,0, --,0,$0.00,0.00%, --
Enabled,audi a6 transmission,Transmission Models,Eligible,0,$0.00,Approved,,0,0, --,0,$0.00,0.00%, --
Enabled,acura tlx transmission,Transmission Models,Eligible,0,$0.00,Approved,,0,0, --,0,$0.00,0.00%, --
Enabled,transmission repair encinitas,transmission repair,Eligible,0,$0.00,Approved,,0,0, --,0,$0.00,0.00%, --
Enabled,manual transmission san diego,manual_transmission,Eligible,0,$0.00,Approved,,0,0, --,0,$0.00,0.00%, --
Enabled,north county transmissions,transmission #2,Low search volume,0,$0.00,Approved,,0,0, --,0,$0.00,0.00%, --
Enabled,automatic transmission cooler pendleton,automatic_transmission_cooler,Low search volume,0,$0.00,Approved,,0,0, --,0,$0.00,0.00%, --
Enabled,shift problems automatic transmission,Transmission Problems,Eligible,0,$0.00,Approved,,0,0, --,0,$0.00,0.00%, --
Enabled,truck transmission rebuild pendleton,Truck Transmission,Low search volume,0,$0.00,Approved,,0,0, --,0,$0.00,0.00%, --
Enabled,fiat 500 transmission,Transmission Models,Eligible,0,$0.00,Approved,,0,0, --,0,$0.00,0.00%, --
Enabled,average cost of transmission repair,transmission repair,Eligible,0,$0.00,Approved,,0,0, --,0,$0.00,0.00%, --
Enabled,bmw transmission repair,transmission repair,Eligible,0,$0.00,Approved,,0,0, --,0,$0.00,0.00%, --
Enabled,acura transmission repair,transmission repair,Eligible,0,$0.00,Approved,,0,0, --,0,$0.00,0.00%, --
Enabled,manual transmission rebuilding,manual_transmission,Eligible,0,$0.00,Approved,,0,0, --,0,$0.00,0.00%, --
Enabled,replace transmission cost del mar,replace_transmission_cost,Low search volume,0,$0.00,Approved,,0,0, --,0,$0.00,0.00%, --
Enabled,transmission problems san diego,Transmission Problems,Low search volume,0,$0.00,Approved,,0,0, --,0,$0.00,0.00%, --
Enabled,remanufactured transmission encinitas,remanufactured_transmission,Low search volume,0,$0.00,Approved,,0,0, --,0,$0.00,0.00%, --
Enabled,ford e-350 transmission,Transmission Models,Eligible,0,$0.00,Approved,,0,0, --,0,$0.00,0.00%, --
Enabled,auto transmission repair san diego,transmission repair,Eligible,0,$0.00,Approved,,0,0, --,0,$0.00,0.00%, --
Enabled,automatic transmission,automatic_transmission,Eligible,0,$0.00,Approved,,0,0, --,0,$0.00,0.00%, --
Enabled,transmissions north county,transmission #2,Low search volume,0,$0.00,Approved,,0,0, --,0,$0.00,0.00%, --
Enabled,rebuilt transmission,rebuilt_transmission,Eligible,0,$0.00,Approved,,0,0, --,0,$0.00,0.00%, --
Enabled,chevrolet tahoe transmission,Transmission Models,Eligible,0,$0.00,Approved,,0,0, --,0,$0.00,0.00%, --
Enabled,turbo 350 transmission,Transmission Models,Eligible,0,$0.00,Approved,,0,0, --,0,$0.00,0.00%, --
Enabled,santee transmission repair,santee_transmission,Eligible,0,$0.00,Approved,,0,0, --,0,$0.00,0.00%, --
Enabled,expert free transmission quote,free_transmission_quote,Low search volume,0,$0.00,Approved,,0,0, --,0,$0.00,0.00%, --
Enabled,certified remanufactured transmission,remanufactured_transmission,Low search volume,0,$0.00,Approved,,0,0, --,0,$0.00,0.00%, --
Enabled,good remanufactured transmission,remanufactured_transmission,Low search volume,0,$0.00,Approved,,0,0, --,0,$0.00,0.00%, --
Enabled,chevrolet cruze transmission,Transmission Models,Eligible,0,$0.00,Approved,,0,0, --,0,$0.00,0.00%, --
Enabled,free transmission estimate san diego ca,free_transmission_estimate,Low search volume,0,$0.00,Approved,,0,0, --,0,$0.00,0.00%, --
Enabled,chrysler 300 transmission,Transmission Models,Eligible,0,$0.00,Approved,,0,0, --,0,$0.00,0.00%, --
Enabled,chevy colorado transmission,Transmission Models,Eligible,0,$0.00,Approved,,0,0, --,0,$0.00,0.00%, --
Enabled,porsche 911 transmission,Transmission Models,Eligible,0,$0.00,Approved,,0,0, --,0,$0.00,0.00%, --
Enabled,auto transmission,auto_transmission,Eligible,0,$0.00,Approved,,0,0, --,0,$0.00,0.00%, --
Enabled,transmission repair center,transmission repair,Eligible,0,$0.00,Approved,,0,0, --,0,$0.00,0.00%, --
Enabled,vw transmission repair cost,transmission repair,Eligible,0,$0.00,Approved,,0,0, --,0,$0.00,0.00%, --
Enabled,automatic transmission ca,automatic_transmission,Eligible,0,$0.00,Approved,,0,0, --,0,$0.00,0.00%, --
Enabled,rebuilt trans cost,rebuilt_trans,Low search volume,0,$0.00,Approved,,0,0, --,0,$0.00,0.00%, --
Enabled,new transmission free quote,new_transmission,Low search volume,0,$0.00,Approved,,0,0, --,0,$0.00,0.00%, --
Enabled,turbo 400 transmission,Transmission Models,Eligible,0,$0.00,Approved,,0,0, --,0,$0.00,0.00%, --
Enabled,ford super duty transmission,Transmission Models,Eligible,0,$0.00,Approved,,0,0, --,0,$0.00,0.00%, --
Enabled,powerglide transmission,Transmission Models,Eligible,0,$0.00,Approved,,0,0, --,0,$0.00,0.00%, --
Enabled,46re transmission,Transmission Models,Eligible,0,$0.00,Approved,,0,0, --,0,$0.00,0.00%, --
Enabled,transmission repair service in,transmission repair,Eligible,0,$0.00,Approved,,0,0, --,0,$0.00,0.00%, --
Enabled,santee trans,santee_trans,Eligible,0,$0.00,Approved,,0,0, --,0,$0.00,0.00%, --
Enabled,transmission service vista,transmission service,Eligible,0,$0.00,Approved,,0,0, --,0,$0.00,0.00%, --
Enabled,best rebuilt trans,rebuilt_trans,Low search volume,0,$0.00,Approved,,0,0, --,0,$0.00,0.00%, --
Enabled,volkswagen transmission,Transmission Models,Eligible,0,$0.00,Approved,,0,0, --,0,$0.00,0.00%, --
Enabled,Manual Transmission repair,manual_transmission,Eligible,0,$0.00,Approved,,0,0, --,0,$0.00,0.00%, --
Enabled,transmission san diego,transmission,Eligible,0,$0.00,Approved,,0,0, --,0,$0.00,0.00%, --
Enabled,transmission diagnostic pendleton,Transmission_Diagnostic CPA,Low search volume,0,$0.00,Approved,,0,0, --,0,$0.00,0.00%, --
Enabled,new rebuilt transmission,rebuilt_transmission,Eligible,0,$0.00,Approved,,0,0, --,0,$0.00,0.00%, --
Enabled,free remanufactured transmission,remanufactured_transmission,Low search volume,0,$0.00,Approved,,0,0, --,0,$0.00,0.00%, --
Enabled,4l60e transmission repair,transmission repair,Eligible,0,$0.00,Approved,,0,0, --,0,$0.00,0.00%, --
Enabled,used transmission san diego,used_transmission,Low search volume,0,$0.00,Approved,,0,0, --,0,$0.00,0.00%, --
Enabled,transmission service trucks,transmission service,Eligible,0,$0.00,Approved,,0,0, --,0,$0.00,0.00%, --
Enabled,car transmission symptoms,transmission symptoms,Eligible,0,$0.00,Approved,,0,0, --,0,$0.00,0.00%, --
Enabled,leaking transmission,Leaking Transmission,Eligible,0,$0.00,Approved,,0,0, --,0,$0.00,0.00%, --
Enabled,santee transmission california,santee_transmission,Low search volume,0,$0.00,Approved,,0,0, --,0,$0.00,0.00%, --
Enabled,performance automatic transmission santee,performance_automatic_transmission,Low search volume,0,$0.00,Approved,,0,0, --,0,$0.00,0.00%, --
Enabled,truck transmission repair,transmission repair,Eligible,0,$0.00,Approved,,0,0, --,0,$0.00,0.00%, --
Enabled,auto transmission repair santee,transmission repair,Low search volume,0,$0.00,Approved,,0,0, --,0,$0.00,0.00%, --
Enabled,slipping transmission san diego,Slipping Transmission,Low search volume,0,$0.00,Approved,,0,0, --,0,$0.00,0.00%, --
Enabled,a car transmission san diego,a car transmission,Low search volume,0,$0.00,Approved,,0,0, --,0,$0.00,0.00%, --
Enabled,automatic transmission cooler vista,automatic_transmission_cooler,Low search volume,0,$0.00,Approved,,0,0, --,0,$0.00,0.00%, --
Enabled,transmission diagnostic encinitas,Transmission_Diagnostic CPA,Low search volume,0,$0.00,Approved,,0,0, --,0,$0.00,0.00%, --
Enabled,a transmission vista,a_transmission,Low search volume,0,$0.00,Approved,,0,0, --,0,$0.00,0.00%, --
Enabled,gearbox repairs cost,transmission repair,Eligible,0,$0.00,Approved,,0,0, --,0,$0.00,0.00%, --
Enabled,transmissions encinitas,transmission #2,Low search volume,0,$0.00,Approved,,0,0, --,0,$0.00,0.00%, --
Enabled,transmission problems santee ca,Transmission Problems,Low search volume,0,$0.00,Approved,,0,0, --,0,$0.00,0.00%, --
Enabled,remanufactured transmission pendleton,remanufactured_transmission,Low search volume,0,$0.00,Approved,,0,0, --,0,$0.00,0.00%, --
Enabled,chev s10 transmission,Transmission Models,Low search volume,0,$0.00,Approved,,0,0, --,0,$0.00,0.00%, --
Enabled,car transmission repair near me,transmission repair,Eligible,0,$0.00,Approved,,0,0, --,0,$0.00,0.00%, --
Enabled,performance automatic transmission,performance_automatic_transmission,Eligible,0,$0.00,Approved,,0,0, --,0,$0.00,0.00%, --
Enabled,transmission repair vista,transmission repair,Eligible,0,$0.00,Approved,,0,0, --,0,$0.00,0.00%, --
Enabled,transmission,transmission,Eligible,0,$0.00,Approved,,0,0, --,0,$0.00,0.00%, --
Enabled,toyota automatic transmission problems,Transmission Problems,Eligible,0,$0.00,Approved,,0,0, --,0,$0.00,0.00%, --
Enabled,mercedes sl transmission,Transmission Models,Eligible,0,$0.00,Approved,,0,0, --,0,$0.00,0.00%, --
Enabled,jaguar f-pace transmission,Transmission Models,Eligible,0,$0.00,Approved,,0,0, --,0,$0.00,0.00%, --
Enabled,transmission repair in san diego,transmission repair,Eligible,0,$0.00,Approved,,0,0, --,0,$0.00,0.00%, --
Enabled,free transmission estimate,free_transmission_estimate,Eligible,0,$0.00,Approved,,0,0, --,0,$0.00,0.00%, --
Enabled,good rebuilt transmission,rebuilt_transmission,Low search volume,0,$0.00,Approved,,0,0, --,0,$0.00,0.00%, --
Enabled,find a transmission,a_transmission,Eligible,0,$0.00,Approved,,0,0, --,0,$0.00,0.00%, --
Enabled,transmission repairs cost,transmission repair,Eligible,0,$0.00,Approved,,0,0, --,0,$0.00,0.00%, --
Enabled,audi manual transmission,manual_transmission,Eligible,0,$0.00,Approved,,0,0, --,0,$0.00,0.00%, --
Enabled,free transmission estimate santee ca,free_transmission_estimate,Low search volume,0,$0.00,Approved,,0,0, --,0,$0.00,0.00%, --
Enabled,expert transmission diagnostic,diagnostic,Low search volume,0,$0.00,Approved,,0,0, --,0,$0.00,0.00%, --
Enabled,transmission slipping san marcos,Transmission Slipping,Low search volume,0,$0.00,Approved,,0,0, --,0,$0.00,0.00%, --
Enabled,automatic transmission cooler del mar,automatic_transmission_cooler,Low search volume,0,$0.00,Approved,,0,0, --,0,$0.00,0.00%, --
Enabled,remanufactured transmission san diego,remanufactured_transmission,Low search volume,0,$0.00,Approved,,0,0, --,0,$0.00,0.00%, --
Enabled,newtransmission quote san diego ca,new_transmission,Low search volume,0,$0.00,Approved,,0,0, --,0,$0.00,0.00%, --
Enabled,gmc arcadia transmission,Transmission Models,Eligible,0,$0.00,Approved,,0,0, --,0,$0.00,0.00%, --
Enabled,zf transmission repair,transmission repair,Eligible,0,$0.00,Approved,,0,0, --,0,$0.00,0.00%, --
Enabled,transmissions san diego,transmission,Eligible,0,$0.00,Approved,,0,0, --,0,$0.00,0.00%, --
Enabled,transmissions san marcos,transmission,Eligible,0,$0.00,Approved,,0,0, --,0,$0.00,0.00%, --
Enabled,transmission problems santee,Transmission Problems,Low search volume,0,$0.00,Approved,,0,0, --,0,$0.00,0.00%, --
Enabled,t56 transmission,Transmission Models,Eligible,0,$0.00,Approved,,0,0, --,0,$0.00,0.00%, --
Enabled,4r100 transmission,Transmission Models,Eligible,0,$0.00,Approved,,0,0, --,0,$0.00,0.00%, --
Enabled,toyota camry transmission,Transmission Models,Eligible,0,$0.00,Approved,,0,0, --,0,$0.00,0.00%, --
Enabled,honda transmission repair cost,transmission repair,Eligible,0,$0.00,Approved,,0,0, --,0,$0.00,0.00%, --
Enabled,manual shift transmission,manual_transmission,Eligible,0,$0.00,Approved,,0,0, --,0,$0.00,0.00%, --
Enabled,manual 5 speed transmission,manual_transmission,Eligible,0,$0.00,Approved,,0,0, --,0,$0.00,0.00%, --
Enabled,leaking suv transmission,Leaking Transmission,Low search volume,0,$0.00,Approved,,0,0, --,0,$0.00,0.00%, --
Enabled,jeep commander transmission,Transmission Models,Eligible,0,$0.00,Approved,,0,0, --,0,$0.00,0.00%, --
Enabled,cost for transmission repair,transmission repair,Eligible,0,$0.00,Approved,,0,0, --,0,$0.00,0.00%, --
Enabled,free transmission quote san diego ca,free_transmission_quote,Low search volume,0,$0.00,Approved,,0,0, --,0,$0.00,0.00%, --
Enabled,santee transmission,transmission #2,Eligible,0,$0.00,Approved,,0,0, --,0,$0.00,0.00%, --
Enabled,dodge durango transmission,Transmission Models,Eligible,0,$0.00,Approved,,0,0, --,0,$0.00,0.00%, --
Enabled,mitsubishi outlander transmission,Transmission Models,Eligible,0,$0.00,Approved,,0,0, --,0,$0.00,0.00%, --
Enabled,mercedes 300sl transmission,Transmission Models,Eligible,0,$0.00,Approved,,0,0, --,0,$0.00,0.00%, --
Enabled,san diego transmission service,transmission service,Eligible,0,$0.00,Approved,,0,0, --,0,$0.00,0.00%, --
Enabled,free transmission estimate san diego,free_transmission_estimate,Low search volume,0,$0.00,Approved,,0,0, --,0,$0.00,0.00%, --
Enabled,truck transmission symptoms,transmission symptoms,Low search volume,0,$0.00,Approved,,0,0, --,0,$0.00,0.00%, --
Enabled,rebuilt transmission cost,rebuilt_transmission,Eligible,0,$0.00,Approved,,0,0, --,0,$0.00,0.00%, --
Enabled,th350 transmission,Transmission Models,Eligible,0,$0.00,Approved,,0,0, --,0,$0.00,0.00%, --
Enabled,transmission santee,transmission #2,Eligible,0,$0.00,Approved,,0,0, --,0,$0.00,0.00%, --
Enabled,new remanufactured transmission,remanufactured_transmission,Eligible,0,$0.00,Approved,,0,0, --,0,$0.00,0.00%, --
Enabled,santee transmission shop,santee_transmission,Eligible,0,$0.00,Approved,,0,0, --,0,$0.00,0.00%, --
Enabled,free transmission estimate pendleton,free_transmission_quote,Low search volume,0,$0.00,Approved,,0,0, --,0,$0.00,0.00%, --
Enabled,transmission service carlsbad,transmission service,Low search volume,0,$0.00,Approved,,0,0, --,0,$0.00,0.00%, --
Enabled,rebuilt trans warranty,rebuilt_trans,Low search volume,0,$0.00,Approved,,0,0, --,0,$0.00,0.00%, --
Enabled,isuzu transmission repair,transmission repair,Eligible,0,$0.00,Approved,,0,0, --,0,$0.00,0.00%, --
Enabled,rebuilt trans price,rebuilt_trans,Low search volume,0,$0.00,Approved,,0,0, --,0,$0.00,0.00%, --
Enabled,rebuild automatic transmission,rebuilt_transmission,Eligible,0,$0.00,Approved,,0,0, --,0,$0.00,0.00%, --
Enabled,quality remanufactured transmission,remanufactured_transmission,Low search volume,0,$0.00,Approved,,0,0, --,0,$0.00,0.00%, --
Enabled,bmw m5 transmission,Transmission Models,Eligible,0,$0.00,Approved,,0,0, --,0,$0.00,0.00%, --
Enabled,mercedes-benz c-class transmission,Transmission Models,Eligible,0,$0.00,Approved,,0,0, --,0,$0.00,0.00%, --
Enabled,find a transmission vista,a_transmission,Low search volume,0,$0.00,Approved,,0,0, --,0,$0.00,0.00%, --
Enabled,a transmission carlsbad,a_transmission,Low search volume,0,$0.00,Approved,,0,0, --,0,$0.00,0.00%, --
Enabled,truck transmission repair san diego,transmission repair,Low search volume,0,$0.00,Approved,,0,0, --,0,$0.00,0.00%, --
Enabled,volvo manual transmission,manual_transmission,Eligible,0,$0.00,Approved,,0,0, --,0,$0.00,0.00%, --
Enabled,transmissions north county,transmission,Low search volume,0,$0.00,Approved,,0,0, --,0,$0.00,0.00%, --
Enabled,nissan pathfinder transmission,Transmission Models,Eligible,0,$0.00,Approved,,0,0, --,0,$0.00,0.00%, --
Enabled,santee trans shop,santee_trans,Low search volume,0,$0.00,Approved,,0,0, --,0,$0.00,0.00%, --
Enabled,rebuilt transmission santee,rebuilt_transmission,Low search volume,0,$0.00,Approved,,0,0, --,0,$0.00,0.00%, --
Enabled,volkswagen jetta transmission,Transmission Models,Eligible,0,$0.00,Approved,,0,0, --,0,$0.00,0.00%, --
Enabled,bmw 530x1 transmission,Transmission Models,Low search volume,0,$0.00,Approved,,0,0, --,0,$0.00,0.00%, --
Enabled,expert transmission estimating,estimating,Low search volume,0,$0.00,Approved,,0,0, --,0,$0.00,0.00%, --
Enabled,used transmission escondido,used_transmission,Low search volume,0,$0.00,Approved,,0,0, --,0,$0.00,0.00%, --
Enabled,online free transmission quote,free_transmission_quote,Low search volume,0,$0.00,Approved,,0,0, --,0,$0.00,0.00%, --
Enabled,transmission service diagnosis,transmission service,Low search volume,0,$0.00,Approved,,0,0, --,0,$0.00,0.00%, --
Enabled,transmission symptoms santee transmission,transmission symptoms,Low search volume,0,$0.00,Approved,,0,0, --,0,$0.00,0.00%, --
Enabled,ford windstar transmission,Transmission Models,Eligible,0,$0.00,Approved,,0,0, --,0,$0.00,0.00%, --
Enabled,winnebago chieftain transmission,Transmission Models,Low search volume,0,$0.00,Approved,,0,0, --,0,$0.00,0.00%, --
Enabled,auto transmission repair north county,transmission repair,Low search volume,0,$0.00,Approved,,0,0, --,0,$0.00,0.00%, --
Enabled,transmission service quote,transmission service,Eligible,0,$0.00,Approved,,0,0, --,0,$0.00,0.00%, --
Enabled,santee transmissions,transmission,Low search volume,0,$0.00,Approved,,0,0, --,0,$0.00,0.00%, --
Enabled,automatic transmission symptoms,transmission symptoms,Eligible,0,$0.00,Approved,,0,0, --,0,$0.00,0.00%, --
Enabled,free rebuilt transmission,rebuilt_transmission,Low search volume,0,$0.00,Approved,,0,0, --,0,$0.00,0.00%, --
Enabled,dodge challenger transmission,Transmission Models,Eligible,0,$0.00,Approved,,0,0, --,0,$0.00,0.00%, --
Enabled,leaking transmission santee,Leaking Transmission,Low search volume,0,$0.00,Approved,,0,0, --,0,$0.00,0.00%, --
Enabled,transmission service estimate,transmission service,Low search volume,0,$0.00,Approved,,0,0, --,0,$0.00,0.00%, --
Enabled,transmissions,transmission,Eligible,0,$0.00,Approved,,0,0, --,0,$0.00,0.00%, --
Enabled,bmw 325i transmission,Transmission Models,Eligible,0,$0.00,Approved,,0,0, --,0,$0.00,0.00%, --
Enabled,volvo xc70 transmission,Transmission Models,Eligible,0,$0.00,Approved,,0,0, --,0,$0.00,0.00%, --
Enabled,car transmission repair,transmission repair,Eligible,0,$0.00,Approved,,0,0, --,0,$0.00,0.00%, --
Enabled,cvt transmission repair,transmission repair,Eligible,0,$0.00,Approved,,0,0, --,0,$0.00,0.00%, --
Enabled,santee transmission,santee_transmission,Eligible,0,$0.00,Approved,,0,0, --,0,$0.00,0.00%, --
Enabled,new rebuilt trans,rebuilt_trans,Low search volume,0,$0.00,Approved,,0,0, --,0,$0.00,0.00%, --
Enabled,nissan versa transmission,Transmission Models,Eligible,0,$0.00,Approved,,0,0, --,0,$0.00,0.00%, --
Enabled,volkswagen rabbit transmission,Transmission Models,Eligible,0,$0.00,Approved,,0,0, --,0,$0.00,0.00%, --
Enabled,chevrolet uplander transmission,Transmission Models,Eligible,0,$0.00,Approved,,0,0, --,0,$0.00,0.00%, --
Enabled,caravan transmission repair,transmission repair,Low search volume,0,$0.00,Approved,,0,0, --,0,$0.00,0.00%, --
Enabled,lincoln transmission,Transmission Models,Eligible,0,$0.00,Approved,,0,0, --,0,$0.00,0.00%, --
Enabled,auto transmission repair,transmission repair,Eligible,0,$0.00,Approved,,0,0, --,0,$0.00,0.00%, --
Enabled,transmission repair cost estimate,transmission repair,Eligible,0,$0.00,Approved,,0,0, --,0,$0.00,0.00%, --
Enabled,transmission clutch repair cost,transmission repair,Eligible,0,$0.00,Approved,,0,0, --,0,$0.00,0.00%, --
Enabled,santee trans san diego,santee_trans,Low search volume,0,$0.00,Approved,,0,0, --,0,$0.00,0.00%, --
Enabled,acura mdx transmission,Transmission Models,Eligible,0,$0.00,Approved,,0,0, --,0,$0.00,0.00%, --
Enabled,mercedes glc transmission,Transmission Models,Eligible,0,$0.00,Approved,,0,0, --,0,$0.00,0.00%, --
Enabled,volvo xc90 transmission,Transmission Models,Eligible,0,$0.00,Approved,,0,0, --,0,$0.00,0.00%, --
Enabled,complete transmission service,transmission service,Eligible,0,$0.00,Approved,,0,0, --,0,$0.00,0.00%, --
Enabled,automatic transmission cooler carlsbad,automatic_transmission_cooler,Low search volume,0,$0.00,Approved,,0,0, --,0,$0.00,0.00%, --
Enabled,truck transmission rebuild vista,Truck Transmission,Low search volume,0,$0.00,Approved,,0,0, --,0,$0.00,0.00%, --
Enabled,bmw transmission,Transmission Models,Eligible,0,$0.00,Approved,,0,0, --,0,$0.00,0.00%, --
Enabled,chevrolet malibu transmission,Transmission Models,Eligible,0,$0.00,Approved,,0,0, --,0,$0.00,0.00%, --
Enabled,rebuild manual transmission,manual_transmission,Eligible,0,$0.00,Approved,,0,0, --,0,$0.00,0.00%, --
Enabled,replace transmission cost encinitas,replace_transmission_cost,Low search volume,0,$0.00,Approved,,0,0, --,0,$0.00,0.00%, --
Enabled,rebuilt transmission time,rebuilt_transmission,Low search volume,0,$0.00,Approved,,0,0, --,0,$0.00,0.00%, --
Enabled,remanufactured transmission price,remanufactured_transmission,Eligible,0,$0.00,Approved,,0,0, --,0,$0.00,0.00%, --
Enabled,complete transmission diagnostic,diagnostic,Low search volume,0,$0.00,Approved,,0,0, --,0,$0.00,0.00%, --
Enabled,mercury mountaineer transmission,Transmission Models,Eligible,0,$0.00,Approved,,0,0, --,0,$0.00,0.00%, --
Enabled,jeep manual transmission,manual_transmission,Eligible,0,$0.00,Approved,,0,0, --,0,$0.00,0.00%, --
Enabled,free transmission estimate vista,free_transmission_quote,Low search volume,0,$0.00,Approved,,0,0, --,0,$0.00,0.00%, --
Enabled,transmission service 2 weel drive,transmission service,Low search volume,0,$0.00,Approved,,0,0, --,0,$0.00,0.00%, --
Enabled,rebuilt trans,rebuilt_trans,Eligible,0,$0.00,Approved,,0,0, --,0,$0.00,0.00%, --
Enabled,jasper remanufactured transmission,remanufactured_transmission,Eligible,0,$0.00,Approved,,0,0, --,0,$0.00,0.00%, --
Enabled,online transmission diagnostic,diagnostic,Low search volume,0,$0.00,Approved,,0,0, --,0,$0.00,0.00%, --
Enabled,toyota 4runner transmission,Transmission Models,Eligible,0,$0.00,Approved,,0,0, --,0,$0.00,0.00%, --
Enabled,mitsubishi mirage transmission,Transmission Models,Eligible,0,$0.00,Approved,,0,0, --,0,$0.00,0.00%, --
Enabled,audi rs 6 transmission,Transmission Models,Low search volume,0,$0.00,Approved,,0,0, --,0,$0.00,0.00%, --
Enabled,manual transmission repair cost,transmission repair,Eligible,0,$0.00,Approved,,0,0, --,0,$0.00,0.00%, --
Enabled,4 speed transmission,manual_transmission,Eligible,0,$0.00,Approved,,0,0, --,0,$0.00,0.00%, --
Enabled,performance automatic transmission san diego,performance_automatic_transmission,Low search volume,0,$0.00,Approved,,0,0, --,0,$0.00,0.00%, --
Enabled,north county transmissions,transmission,Low search volume,0,$0.00,Approved,,0,0, --,0,$0.00,0.00%, --
Enabled,infiniti qx56 transmission,Transmission Models,Eligible,0,$0.00,Approved,,0,0, --,0,$0.00,0.00%, --
Enabled,buick lacrosse transmission,Transmission Models,Eligible,0,$0.00,Approved,,0,0, --,0,$0.00,0.00%, --
Enabled,santee trans service,santee_trans,Low search volume,0,$0.00,Approved,,0,0, --,0,$0.00,0.00%, --
Enabled,san diego transmissions,transmission #2,Eligible,0,$0.00,Approved,,0,0, --,0,$0.00,0.00%, --
Enabled,a transmission santee,a_transmission,Low search volume,0,$0.00,Approved,,0,0, --,0,$0.00,0.00%, --
Enabled,replace transmission cost,replace_transmission_cost,Eligible,0,$0.00,Approved,,0,0, --,0,$0.00,0.00%, --
Enabled,transmission santee,transmission,Eligible,0,$0.00,Approved,,0,0, --,0,$0.00,0.00%, --
Enabled,automatic transmission cooler san marcos,automatic_transmission_cooler,Low search volume,0,$0.00,Approved,,0,0, --,0,$0.00,0.00%, --
Enabled,cheap rebuilt trans,rebuilt_trans,Low search volume,0,$0.00,Approved,,0,0, --,0,$0.00,0.00%, --
Enabled,truck transmission rebuild santee,Truck Transmission,Low search volume,0,$0.00,Approved,,0,0, --,0,$0.00,0.00%, --
Enabled,gmc canyon transmission,Transmission Models,Eligible,0,$0.00,Approved,,0,0, --,0,$0.00,0.00%, --
Enabled,find a transmission pendleton,a_transmission,Low search volume,0,$0.00,Approved,,0,0, --,0,$0.00,0.00%, --
Enabled,a transmission pendleton,a_transmission,Low search volume,0,$0.00,Approved,,0,0, --,0,$0.00,0.00%, --
Enabled,expert free transmission diagnostic,free_transmission_diagnostic,Low search volume,0,$0.00,Approved,,0,0, --,0,$0.00,0.00%, --
Enabled,transmission diagnostic san diego,diagnostic,Low search volume,0,$0.00,Approved,,0,0, --,0,$0.00,0.00%, --
Enabled,online free new transmission quote,new_transmission,Low search volume,0,$0.00,Approved,,0,0, --,0,$0.00,0.00%, --
Enabled,new transmission quote santee ca,new_transmission,Low search volume,0,$0.00,Approved,,0,0, --,0,$0.00,0.00%, --
Enabled,t5 transmission,Transmission Models,Eligible,0,$0.00,Approved,,0,0, --,0,$0.00,0.00%, --
Enabled,scion tc transmission,Transmission Models,Eligible,0,$0.00,Approved,,0,0, --,0,$0.00,0.00%, --
Enabled,transmission repair,transmission repair,Eligible,0,$0.00,Approved,,0,0, --,0,$0.00,0.00%, --
Enabled,affordable transmission repair,transmission repair,Eligible,0,$0.00,Approved,,0,0, --,0,$0.00,0.00%, --
Enabled,transmission service santee,manual_transmission,Low search volume,0,$0.00,Approved,,0,0, --,0,$0.00,0.00%, --
Enabled,a transmission encinitas,a_transmission,Low search volume,0,$0.00,Approved,,0,0, --,0,$0.00,0.00%, --
Enabled,dodge challenger manual transmission,manual_transmission,Eligible,0,$0.00,Approved,,0,0, --,0,$0.00,0.00%, --
Enabled,santee trans ca,santee_trans,Low search volume,0,$0.00,Approved,,0,0, --,0,$0.00,0.00%, --
Enabled,transmission diagnostic santee,Transmission_Diagnostic CPA,Low search volume,0,$0.00,Approved,,0,0, --,0,$0.00,0.00%, --
Enabled,transmission service cars,transmission service,Eligible,0,$0.00,Approved,,0,0, --,0,$0.00,0.00%, --
Enabled,reliable rebuilt trans,rebuilt_trans,Low search volume,0,$0.00,Approved,,0,0, --,0,$0.00,0.00%, --
Enabled,find a transmission encinitas,a_transmission,Low search volume,0,$0.00,Approved,,0,0, --,0,$0.00,0.00%, --
Enabled,transmission repair san diego,transmission repair,Eligible,0,$0.00,Approved,,0,0, --,0,$0.00,0.00%, --
Enabled,transmission service all wheel drive,transmission service,Low search volume,0,$0.00,Approved,,0,0, --,0,$0.00,0.00%, --
Enabled,rebuilt transmissions for sale,rebuilt_transmission,Eligible,0,$0.00,Approved,,0,0, --,0,$0.00,0.00%, --
Enabled,automatic transmission problems symptoms,Transmission Problems,Eligible,0,$0.00,Approved,,0,0, --,0,$0.00,0.00%, --
Enabled,new transmission encinitas,new_transmission,Low search volume,0,$0.00,Approved,,0,0, --,0,$0.00,0.00%, --
Enabled,find a transmission santee,a_transmission,Low search volume,0,$0.00,Approved,,0,0, --,0,$0.00,0.00%, --
Enabled,new manual transmissions,manual_transmission,Eligible,0,$0.00,Approved,,0,0, --,0,$0.00,0.00%, --
Enabled,Santee transmission san diego,santee_transmission,Low search volume,0,$0.00,Approved,,0,0, --,0,$0.00,0.00%, --
Enabled,cheap rebuilt transmissions san diego,rebuilt_transmissions_san_diego,Low search volume,0,$0.00,Approved,,0,0, --,0,$0.00,0.00%, --
Enabled,manual transmission rebuilding,rebuilt_transmission,Eligible,0,$0.00,Approved,,0,0, --,0,$0.00,0.00%, --
Enabled,buick lesabre transmission,Transmission Models,Eligible,0,$0.00,Approved,,0,0, --,0,$0.00,0.00%, --
Enabled,computer controlled transmission repair shop,transmission repair,Low search volume,0,$0.00,Approved,,0,0, --,0,$0.00,0.00%, --
Enabled,manual transmission pendleton,manual_transmission,Low search volume,0,$0.00,Approved,,0,0, --,0,$0.00,0.00%, --
Enabled,free transmission estimate san diego,free_transmission_quote,Low search volume,0,$0.00,Approved,,0,0, --,0,$0.00,0.00%, --
Enabled,a car transmission,a car transmission,Eligible,0,$0.00,Approved,,0,0, --,0,$0.00,0.00%, --
Enabled,new transmission quote san diego,new_transmission,Low search volume,0,$0.00,Approved,,0,0, --,0,$0.00,0.00%, --
Enabled,used transmission vista,used_transmission,Low search volume,0,$0.00,Approved,,0,0, --,0,$0.00,0.00%, --
Enabled,transmission symptoms santee ca,transmission symptoms,Low search volume,0,$0.00,Approved,,0,0, --,0,$0.00,0.00%, --
Enabled,honda accord transmission,Transmission Models,Eligible,0,$0.00,Approved,,0,0, --,0,$0.00,0.00%, --
Enabled,standard transmission repair,transmission repair,Eligible,0,$0.00,Approved,,0,0, --,0,$0.00,0.00%, --
Enabled,auto transmission repair cost,transmission repair,Eligible,0,$0.00,Approved,,0,0, --,0,$0.00,0.00%, --
Enabled,nearest transmission repair,transmission repair,Eligible,0,$0.00,Approved,,0,0, --,0,$0.00,0.00%, --
Enabled,free transmission diagnostic santee ca,free_transmission_diagnostic,Low search volume,0,$0.00,Approved,,0,0, --,0,$0.00,0.00%, --
Enabled,transmission service pendleton,transmission service,Low search volume,0,$0.00,Approved,,0,0, --,0,$0.00,0.00%, --
Enabled,transmission slipping Santee,Transmission Slipping,Low search volume,0,$0.00,Approved,,0,0, --,0,$0.00,0.00%, --
Enabled,chevrolet camaro transmission,Transmission Models,Eligible,0,$0.00,Approved,,0,0, --,0,$0.00,0.00%, --
Enabled,chevrolet corvette transmission,Transmission Models,Eligible,0,$0.00,Approved,,0,0, --,0,$0.00,0.00%, --
Enabled,a car transmission santee ca,a car transmission,Low search volume,0,$0.00,Approved,,0,0, --,0,$0.00,0.00%, --
Enabled,transmission service encinitas,transmission service,Low search volume,0,$0.00,Approved,,0,0, --,0,$0.00,0.00%, --
Enabled,good rebuilt trans,rebuilt_trans,Low search volume,0,$0.00,Approved,,0,0, --,0,$0.00,0.00%, --
Enabled,chevy impala transmission,Transmission Models,Eligible,0,$0.00,Approved,,0,0, --,0,$0.00,0.00%, --
Enabled,average transmission repair cost,transmission repair,Eligible,0,$0.00,Approved,,0,0, --,0,$0.00,0.00%, --
Enabled,replace transmission cost pendleton,replace_transmission_cost,Low search volume,0,$0.00,Approved,,0,0, --,0,$0.00,0.00%, --
Enabled,leaking car transmission,Leaking Transmission,Eligible,0,$0.00,Approved,,0,0, --,0,$0.00,0.00%, --
Enabled,transmission service fire trucks,transmission service,Low search volume,0,$0.00,Approved,,0,0, --,0,$0.00,0.00%, --
Enabled,transmissions santee,transmission #2,Low search volume,0,$0.00,Approved,,0,0, --,0,$0.00,0.00%, --
Enabled,transmissions carlsbad,transmission,Low search volume,0,$0.00,Approved,,0,0, --,0,$0.00,0.00%, --
Enabled,subaru automatic transmission problems,Transmission Problems,Eligible,0,$0.00,Approved,,0,0, --,0,$0.00,0.00%, --
Enabled,cheap remanufactured transmission,remanufactured_transmission,Low search volume,0,$0.00,Approved,,0,0, --,0,$0.00,0.00%, --
Enabled,truck transmission rebuild,Truck Transmission,Eligible,0,$0.00,Approved,,0,0, --,0,$0.00,0.00%, --
Enabled,ford econoline transmission,Transmission Models,Eligible,0,$0.00,Approved,,0,0, --,0,$0.00,0.00%, --
Enabled,buy transmissions Santee california,buy_transmissions,Low search volume,0,$0.00,Approved,,0,0, --,0,$0.00,0.00%, --
Enabled,manual transmission encinitas,manual_transmission,Low search volume,0,$0.00,Approved,,0,0, --,0,$0.00,0.00%, --
Enabled,manual transmission san marcos,manual_transmission,Low search volume,0,$0.00,Approved,,0,0, --,0,$0.00,0.00%, --
Enabled,santee transmission ca,santee_transmission,Eligible,0,$0.00,Approved,,0,0, --,0,$0.00,0.00%, --
Enabled,transmission diagnostic,diagnostic,Eligible,0,$0.00,Approved,,0,0, --,0,$0.00,0.00%, --
Enabled,new transmission carlsbad,new_transmission,Eligible,0,$0.00,Approved,,0,0, --,0,$0.00,0.00%, --
Enabled,chrysler pacifica transmission,Transmission Models,Eligible,0,$0.00,Approved,,0,0, --,0,$0.00,0.00%, --
Enabled,chevy cobalt transmission,Transmission Models,Eligible,0,$0.00,Approved,,0,0, --,0,$0.00,0.00%, --
Enabled,vw jetta transmission,Transmission Models,Eligible,0,$0.00,Approved,,0,0, --,0,$0.00,0.00%, --
Enabled,chevy manual transmission,manual_transmission,Eligible,0,$0.00,Approved,,0,0, --,0,$0.00,0.00%, --
Enabled,high performance automatic transmission,performance_automatic_transmission,Eligible,0,$0.00,Approved,,0,0, --,0,$0.00,0.00%, --
Enabled,transmission service,transmission service,Eligible,0,$0.00,Approved,,0,0, --,0,$0.00,0.00%, --
Enabled,transmissions,transmission #2,Eligible,0,$0.00,Approved,,0,0, --,0,$0.00,0.00%, --
Enabled,transmissions san diego,transmission #2,Eligible,0,$0.00,Approved,,0,0, --,0,$0.00,0.00%, --
Enabled,rebuilt transmission warranty,rebuilt_transmission,Eligible,0,$0.00,Approved,,0,0, --,0,$0.00,0.00%, --
Enabled,ford mustang transmission,Transmission Models,Eligible,0,$0.00,Approved,,0,0, --,0,$0.00,0.00%, --
Enabled,transmission repair price,transmission repair,Eligible,0,$0.00,Approved,,0,0, --,0,$0.00,0.00%, --
Enabled,hybrid manual transmission,manual_transmission,Eligible,0,$0.00,Approved,,0,0, --,0,$0.00,0.00%, --
Enabled,used transmission carlsbad,used_transmission,Eligible,0,$0.00,Approved,,0,0, --,0,$0.00,0.00%, --
Enabled,santee transmissions,transmission #2,Low search volume,0,$0.00,Approved,,0,0, --,0,$0.00,0.00%, --
Enabled,hyundai genesis transmission,Transmission Models,Eligible,0,$0.00,Approved,,0,0, --,0,$0.00,0.00%, --
Enabled,a transmission,a_transmission,Eligible,0,$0.00,Approved,,0,0, --,0,$0.00,0.00%, --
Enabled,transmission north county,transmission #2,Eligible,0,$0.00,Approved,,0,0, --,0,$0.00,0.00%, --
Enabled,transmission diagnostic,Transmission_Diagnostic CPA,Eligible,0,$0.00,Approved,,0,0, --,0,$0.00,0.00%, --
Enabled,rebuilt transmission price,rebuilt_transmission,Eligible,0,$0.00,Approved,,0,0, --,0,$0.00,0.00%, --
Enabled,700r4 transmission,Transmission Models,Eligible,0,$0.00,Approved,,0,0, --,0,$0.00,0.00%, --
Enabled,truck transmission repair santee,transmission repair,Low search volume,0,$0.00,Approved,,0,0, --,0,$0.00,0.00%, --
Total: Filtered keywords,,,,0,$0.00,,,0,0, --,0,$0.00,0.00%,
Total: Account,,,,0,$0.00,,,0,0, --,0,$0.00,0.00%,